label,eventSequence,eventId,effectiveDate,type,programId,categoryId,restrictionId,currency,amountMinorUnits,netCashDeltaMinorUnits,correctionOf,purpose
Demo data — not VT Infinite's financial records.,1,32c80aaf-039c-4958-a8d4-bee7d6b5b511,2000-01-04,receipt,program-alpha,program-service-fees,,USD,125000,125000,,"Synthetic receipt: program service fees, January (demo)."
Demo data — not VT Infinite's financial records.,2,09c8f0ae-1f27-49ef-8e7c-76879003f7b1,2000-01-11,receipt,program-alpha,restricted-program-funding,fund-a,USD,500000,500000,,Synthetic receipt: restricted funding for program alpha (demo).
Demo data — not VT Infinite's financial records.,3,4e76b2c4-5d3e-4c95-904f-47f229e9e137,2000-01-18,receipt,general,loan-principal,,USD,1000000,1000000,,"Synthetic receipt: loan proceeds; financing, not income (demo)."
Demo data — not VT Infinite's financial records.,4,5af2d80b-ad68-4656-a3f7-ce761006d901,2000-01-25,receipt,program-beta,program-service-fees,,USD,87550,87550,,Synthetic receipt: program service fees for program beta (demo).
Demo data — not VT Infinite's financial records.,5,d2032e47-8ffe-43ac-9736-a52ff83adc41,2000-02-01,receipt,program-beta,restricted-program-funding,fund-b,USD,400000,400000,,Synthetic receipt: restricted funding for program beta (demo).
Demo data — not VT Infinite's financial records.,6,8349ac27-7a60-47ef-aee8-2c9a8db5dfbc,2000-02-08,receipt,general,other-receipts,,USD,12345,12345,,Synthetic receipt: miscellaneous refund received (demo).
Demo data — not VT Infinite's financial records.,7,36455089-40ae-43b3-aea7-7a42976432bb,2000-02-15,receipt,program-alpha,program-service-fees,,USD,230000,230000,,"Synthetic receipt: program service fees, February (demo)."
Demo data — not VT Infinite's financial records.,8,eca583ab-ab34-46b4-b5c7-ddbfbd58a2e6,2000-02-22,receipt,program-beta,restricted-program-funding,fund-b,USD,150000,150000,,Synthetic receipt: second restricted funding installment for program beta (demo).
Demo data — not VT Infinite's financial records.,9,540e30eb-4399-4def-a123-d73533197fcf,2000-03-01,receipt,program-alpha,program-service-fees,,USD,99999,99999,,"Synthetic receipt: program service fees, March (demo)."
Demo data — not VT Infinite's financial records.,10,7aadb1fe-36dc-484c-b8b0-c7daf1748c29,2000-03-08,receipt,general,other-receipts,,USD,5000,5000,,Synthetic receipt: interest on operating cash (demo).
Demo data — not VT Infinite's financial records.,11,70fdef7a-5aae-430d-9728-5e0ea74d50b2,2000-01-06,disbursement,program-alpha,program-supplies,,USD,45000,-45000,,Synthetic disbursement: program supplies (demo).
Demo data — not VT Infinite's financial records.,12,f680864d-464f-4860-a652-ad57a4318f5d,2000-01-13,disbursement,program-alpha,contract-services,fund-a,USD,200000,-200000,,Synthetic disbursement: contract services paid from restricted fund A (demo).
Demo data — not VT Infinite's financial records.,13,88f1d39c-a374-4b98-875f-e02cfe6c0c27,2000-01-20,disbursement,general,facilities,,USD,150000,-150000,,"Synthetic disbursement: facilities, first quarter (demo)."
Demo data — not VT Infinite's financial records.,14,590dcc7c-5092-45b3-85c8-6b34eb8fda3b,2000-01-27,disbursement,program-beta,software-and-hosting,,USD,29900,-29900,,Synthetic disbursement: software and hosting (demo).
Demo data — not VT Infinite's financial records.,15,8e139f24-648f-4846-8c3a-191d5cfe0ba6,2000-02-03,disbursement,program-beta,contract-services,fund-b,USD,175000,-175000,,Synthetic disbursement: contract services paid from restricted fund B (demo).
Demo data — not VT Infinite's financial records.,16,9420f78f-e5c0-4f21-8ee8-8da4b789dedf,2000-02-10,disbursement,general,facilities,,USD,150000,-150000,,"Synthetic disbursement: facilities, second installment (demo)."
Demo data — not VT Infinite's financial records.,17,2121f48f-0fa0-4236-a748-f77aac1546d7,2000-02-17,disbursement,program-alpha,program-supplies,fund-a,USD,64000,-64000,,Synthetic disbursement: program supplies from restricted fund A (demo).
Demo data — not VT Infinite's financial records.,18,ecbab985-66b5-4182-9eed-6ba66a272f0a,2000-02-24,disbursement,program-beta,program-supplies,,USD,31250,-31250,,Synthetic disbursement: program supplies for program beta (demo).
Demo data — not VT Infinite's financial records.,19,3934840b-9d86-4aec-a77e-4ac43fc48c23,2000-03-02,disbursement,general,software-and-hosting,,USD,29900,-29900,,Synthetic disbursement: software and hosting (demo).
Demo data — not VT Infinite's financial records.,20,e495d958-a7b3-4e59-995e-5e38e9e92301,2000-03-09,disbursement,program-beta,program-supplies,fund-b,USD,80000,-80000,,Synthetic disbursement: program supplies from restricted fund B (demo).
Demo data — not VT Infinite's financial records.,21,bddadf49-faf8-447f-a4a1-8e1997fbc29f,2000-03-10,transfer,general,internal-transfer,,USD,300000,0,,Synthetic internal transfer: operating cash to reserve cash (demo).
Demo data — not VT Infinite's financial records.,22,1912db7a-d301-4060-82d1-9f0ddac195cf,2000-03-14,reversal,program-alpha,program-supplies,fund-a,USD,64000,64000,2121f48f-0fa0-4236-a748-f77aac1546d7,Synthetic reversal of the program supplies disbursement entered at the wrong amount (demo).
Demo data — not VT Infinite's financial records.,23,7f06561e-51eb-43a9-ba7c-25916cc1654a,2000-03-14,disbursement,program-alpha,program-supplies,fund-a,USD,46000,-46000,2121f48f-0fa0-4236-a748-f77aac1546d7,"Synthetic disbursement: program supplies from restricted fund A, at the corrected amount (demo)."
Demo data — not VT Infinite's financial records.,24,5d1ed47f-4304-4033-8db9-60376f596b26,2000-03-31,reconciliation,general,reconciliation,,,,,,"Synthetic reconciliation statement: operating cash matched to the synthetic bank statement through 2000-03-31; reserve cash not yet matched, see exception syn-exc-001 (demo)."
